{"cameraMode":{"drawMode":24,"name":"Light Overlap","section":"Baked Global Illumination"},"sceneLighting":false,"audioPlay":false,"sceneViewState":{"showFog":false,"showMaterialUpdate":true,"showSkybox":false,"showFlares":true,"showImageEffects":true,"showParticleSystems":true},"in2DMode":false,"pivot":{"x":0.6165214776992798,"y":2.2093939781188967,"z":0.08426856994628906},"rotation":{"x":0.1060229018330574,"y":-0.7436091303825378,"z":0.12198212742805481,"w":0.648991584777832},"size":5.505038261413574,"orthographic":false}