{"cameraMode":{"drawMode":24,"name":"Light Overlap","section":"Baked Global Illumination"},"sceneLighting":false,"audioPlay":false,"sceneViewState":{"showFog":false,"showMaterialUpdate":true,"showSkybox":false,"showFlares":true,"showImageEffects":true,"showParticleSystems":true},"in2DMode":false,"pivot":{"x":0.031051039695739747,"y":2.178576946258545,"z":-0.28526318073272707},"rotation":{"x":0.13560545444488526,"y":-0.7233805060386658,"z":0.148970827460289,"w":0.6606075167655945},"size":3.5329983234405519,"orthographic":false}