{"cameraMode":{"drawMode":24,"name":"Light Overlap","section":"Baked Global Illumination"},"sceneLighting":false,"audioPlay":false,"sceneViewState":{"showFog":false,"showMaterialUpdate":true,"showSkybox":false,"showFlares":true,"showImageEffects":true,"showParticleSystems":true},"in2DMode":false,"pivot":{"x":-85.0529556274414,"y":-109.45960998535156,"z":-72.50135803222656},"rotation":{"x":0.15020467340946198,"y":-0.8481023907661438,"z":0.3313606381416321,"w":0.3855198323726654},"size":87.28704833984375,"orthographic":false}