{"cameraMode":{"drawMode":24,"name":"Light Overlap","section":"Baked Global Illumination"},"sceneLighting":false,"audioPlay":false,"sceneViewState":{"showFog":false,"showMaterialUpdate":true,"showSkybox":false,"showFlares":true,"showImageEffects":true,"showParticleSystems":true},"in2DMode":false,"pivot":{"x":0.05279099941253662,"y":2.2126989364624025,"z":0.14857447147369386},"rotation":{"x":-0.07711860537528992,"y":-0.9156962633132935,"z":0.33397427201271059,"w":-0.2104160338640213},"size":3.343604564666748,"orthographic":false}