{"cameraMode":{"drawMode":24,"name":"Light Overlap","section":"Baked Global Illumination"},"sceneLighting":false,"audioPlay":false,"sceneViewState":{"showFog":false,"showMaterialUpdate":true,"showSkybox":false,"showFlares":true,"showImageEffects":true,"showParticleSystems":true},"in2DMode":false,"pivot":{"x":-16.27857780456543,"y":-3.4903006553649904,"z":2.4048712253570558},"rotation":{"x":0.1060229018330574,"y":-0.7436091303825378,"z":0.12198212742805481,"w":0.648991584777832},"size":24.022899627685548,"orthographic":false}