{"cameraMode":{"drawMode":24,"name":"Light Overlap","section":"Baked Global Illumination"},"sceneLighting":false,"audioPlay":false,"sceneViewState":{"showFog":false,"showMaterialUpdate":true,"showSkybox":false,"showFlares":true,"showImageEffects":true,"showParticleSystems":true},"in2DMode":false,"pivot":{"x":3.0198326110839845,"y":1.474141001701355,"z":0.6349314451217651},"rotation":{"x":0.13560545444488526,"y":-0.7233805060386658,"z":0.148970827460289,"w":0.6606075167655945},"size":0.000017320508050033823,"orthographic":false}