{"cameraMode":{"drawMode":24,"name":"Light Overlap","section":"Baked Global Illumination"},"sceneLighting":false,"audioPlay":false,"sceneViewState":{"showFog":false,"showMaterialUpdate":true,"showSkybox":false,"showFlares":true,"showImageEffects":true,"showParticleSystems":true},"in2DMode":false,"pivot":{"x":-0.058599814772605899,"y":3.027679443359375,"z":1.8595890998840333},"rotation":{"x":-0.001302509568631649,"y":-0.9961514472961426,"z":0.015253384597599507,"w":-0.08690932393074036},"size":0.3477086126804352,"orthographic":false}