{"cameraMode":{"drawMode":24,"name":"Light Overlap","section":"Baked Global Illumination"},"sceneLighting":false,"audioPlay":false,"sceneViewState":{"showFog":false,"showMaterialUpdate":true,"showSkybox":false,"showFlares":true,"showImageEffects":true,"showParticleSystems":true},"in2DMode":false,"pivot":{"x":-1.7881393432617188e-7,"y":4.76837158203125e-7,"z":1.7499998807907105},"rotation":{"x":0.10491500049829483,"y":-0.7675778865814209,"z":0.13061970472335816,"w":0.6188843250274658},"size":2.567394733428955,"orthographic":false}