{"cameraMode":{"drawMode":24,"name":"Light Overlap","section":"Baked Global Illumination"},"sceneLighting":false,"audioPlay":false,"sceneViewState":{"showFog":false,"showMaterialUpdate":true,"showSkybox":false,"showFlares":true,"showImageEffects":true,"showParticleSystems":true},"in2DMode":false,"pivot":{"x":-0.038736164569854739,"y":2.722720146179199,"z":0.9018833041191101},"rotation":{"x":-0.028707943856716157,"y":0.8750863671302795,"z":-0.05300605297088623,"w":-0.4804759919643402},"size":0.5225803852081299,"orthographic":false}