{"cameraMode":{"drawMode":24,"name":"Light Overlap","section":"Baked Global Illumination"},"sceneLighting":false,"audioPlay":false,"sceneViewState":{"showFog":false,"showMaterialUpdate":true,"showSkybox":false,"showFlares":true,"showImageEffects":true,"showParticleSystems":true},"in2DMode":false,"pivot":{"x":-0.12460160255432129,"y":2.1666789054870607,"z":-0.013746023178100586},"rotation":{"x":-0.07711860537528992,"y":-0.9156962633132935,"z":0.33397427201271059,"w":-0.2104160338640213},"size":3.920910120010376,"orthographic":false}