{"cameraMode":{"drawMode":24,"name":"Light Overlap","section":"Baked Global Illumination"},"sceneLighting":false,"audioPlay":false,"sceneViewState":{"showFog":false,"showMaterialUpdate":true,"showSkybox":false,"showFlares":true,"showImageEffects":true,"showParticleSystems":true},"in2DMode":false,"pivot":{"x":-0.20034265518188477,"y":1.7373422384262086,"z":0.12636147439479829},"rotation":{"x":0.05476837232708931,"y":-0.7219206094741821,"z":0.05794880539178848,"w":0.6875593066215515},"size":2.017839193344116,"orthographic":false}