{"cameraMode":{"drawMode":24,"name":"Light Overlap","section":"Baked Global Illumination"},"sceneLighting":false,"audioPlay":false,"sceneViewState":{"showFog":false,"showMaterialUpdate":true,"showSkybox":false,"showFlares":true,"showImageEffects":true,"showParticleSystems":true},"in2DMode":false,"pivot":{"x":3.3245997428894045,"y":2.7222049236297609,"z":1.1631578207015992},"rotation":{"x":0.0958017036318779,"y":-0.5196530222892761,"z":0.05913805589079857,"w":0.8470828533172607},"size":2.017839193344116,"orthographic":false}