{"cameraMode":{"drawMode":24,"name":"Light Overlap","section":"Baked Global Illumination"},"sceneLighting":false,"audioPlay":false,"sceneViewState":{"showFog":false,"showMaterialUpdate":true,"showSkybox":false,"showFlares":true,"showImageEffects":true,"showParticleSystems":true},"in2DMode":false,"pivot":{"x":-0.11494612693786621,"y":1.7584772109985352,"z":-0.29970288276672366},"rotation":{"x":0.13560545444488526,"y":-0.7233805060386658,"z":0.148970827460289,"w":0.6606075167655945},"size":2.8115627765655519,"orthographic":false}