{"cameraMode":{"drawMode":24,"name":"Light Overlap","section":"Baked Global Illumination"},"sceneLighting":true,"audioPlay":false,"sceneViewState":{"showFog":false,"showMaterialUpdate":true,"showSkybox":true,"showFlares":true,"showImageEffects":true,"showParticleSystems":true},"in2DMode":false,"pivot":{"x":1.5180435180664063,"y":2.1154534816741945,"z":0.6420429348945618},"rotation":{"x":0.0634179636836052,"y":0.5647551417350769,"z":-0.0432187095284462,"w":0.8218520283699036},"size":1.2774198055267335,"orthographic":false}