{"cameraMode":{"drawMode":24,"name":"Light Overlap","section":"Baked Global Illumination"},"sceneLighting":false,"audioPlay":false,"sceneViewState":{"showFog":false,"showMaterialUpdate":true,"showSkybox":false,"showFlares":true,"showImageEffects":true,"showParticleSystems":true},"in2DMode":false,"pivot":{"x":-0.9293740391731262,"y":-0.007281064987182617,"z":-1.2384976148605347},"rotation":{"x":-0.07711860537528992,"y":-0.9156962633132935,"z":0.33397427201271059,"w":-0.2104160338640213},"size":3.390390396118164,"orthographic":false}