{"cameraMode":{"drawMode":24,"name":"Light Overlap","section":"Baked Global Illumination"},"sceneLighting":false,"audioPlay":false,"sceneViewState":{"showFog":false,"showMaterialUpdate":true,"showSkybox":false,"showFlares":true,"showImageEffects":true,"showParticleSystems":true},"in2DMode":false,"pivot":{"x":-3.90194034576416,"y":-0.12231366336345673,"z":-0.290692001581192},"rotation":{"x":0.11710100620985031,"y":-0.7253356575965881,"z":0.12795430421829225,"w":0.6663833260536194},"size":3.4637904167175295,"orthographic":false}