{"cameraMode":{"drawMode":24,"name":"Light Overlap","section":"Baked Global Illumination"},"sceneLighting":false,"audioPlay":false,"sceneViewState":{"showFog":false,"showMaterialUpdate":true,"showSkybox":false,"showFlares":true,"showImageEffects":true,"showParticleSystems":true},"in2DMode":false,"pivot":{"x":735.4339599609375,"y":-24.52739906311035,"z":911.7568969726563},"rotation":{"x":-0.016458138823509218,"y":-0.8677219152450562,"z":-0.028246084228157998,"w":0.4962432086467743},"size":1.500009536743164,"orthographic":false}