{"cameraMode":{"drawMode":24,"name":"Light Overlap","section":"Baked Global Illumination"},"sceneLighting":false,"audioPlay":false,"sceneViewState":{"showFog":false,"showMaterialUpdate":true,"showSkybox":false,"showFlares":true,"showImageEffects":true,"showParticleSystems":true},"in2DMode":false,"pivot":{"x":-1.7881393432617188e-7,"y":4.76837158203125e-7,"z":1.7499998807907105},"rotation":{"x":-0.07711860537528992,"y":-0.9156962633132935,"z":0.33397427201271059,"w":-0.2104160338640213},"size":2.567394733428955,"orthographic":false}