{"cameraMode":{"drawMode":24,"name":"Light Overlap","section":"Baked Global Illumination"},"sceneLighting":false,"audioPlay":false,"sceneViewState":{"showFog":false,"showMaterialUpdate":true,"showSkybox":false,"showFlares":true,"showImageEffects":true,"showParticleSystems":true},"in2DMode":false,"pivot":{"x":-0.0000016980175132630393,"y":0.0000016507565305801109,"z":-1.9887556845787913e-7},"rotation":{"x":0.14345179498195649,"y":-0.8509590029716492,"z":0.3019499182701111,"w":0.4054395258426666},"size":0.000017320509869023226,"orthographic":false}