{"cameraMode":{"drawMode":24,"name":"Light Overlap","section":"Baked Global Illumination"},"sceneLighting":false,"audioPlay":false,"sceneViewState":{"showFog":false,"showMaterialUpdate":true,"showSkybox":false,"showFlares":true,"showImageEffects":true,"showParticleSystems":true},"in2DMode":false,"pivot":{"x":-1.6679537296295167,"y":-0.3979976177215576,"z":0.038146138191223147},"rotation":{"x":0.10491500049829483,"y":-0.7675778865814209,"z":0.13061970472335816,"w":0.6188843250274658},"size":1.8570867776870728,"orthographic":false}